task_id,question,data_path,constraints,answer_format,expected_answer,level
dabench-75,"Create a new column called ""Daily Return"" that calculates the percentage change in the ""Close"" price from the previous day. Calculate the mean and standard deviation of the ""Daily Return"" column.",.relai/fixtures/dabench/microsoft.csv,"Calculate ""Daily Return"" as ((Close price of today - Close price of previous day) / Close price of previous day) * 100. Calculate mean and standard deviation to two decimal places.","@daily_return_mean[mean], @daily_return_std[std] where ""mean"" and ""std"" are the mean and standard deviation of the ""Daily Return"" column, respectively, rounded to two decimal places.","{""daily_return_std"": ""0.94"", ""daily_return_mean"": ""-0.14""}",medium
dabench-116,"Are there any outliers in the happiness scores of countries? If so, which countries are considered outliers?",.relai/fixtures/dabench/2015.csv,"Outliers should be determined by the Z-score method. If a country has a Z score greater than 3 or less than -3, it is considered an outlier. The calculation should be done using the population standard deviation formula.","@outlier_countries[country1,country2,...] where ""country1,country2,..."": a list of countries that are outliers based on their happiness scores.","{""outlier_countries"": """"}",medium
dabench-252,Determine which country's gross domestic product per capita in the year 1992 had the highest skewness among all countries in the dataset.,.relai/fixtures/dabench/gapminder_gdp_asia.csv,"Use Python's SciPy library to calculate the skewness of each country's gross domestic product per capita in 1992. Skewness should be calculated with Fisher’s definition, i.e. the one that's adjusted for the normal distribution.","@highest_skewness_country[country_name] where ""country_name"" is a string","{""highest_skewness_country"": ""Afghanistan""}",medium
dabench-254,Identify any outliers in the gross domestic product per capita data for the year 1982 for all countries. Define an outlier as any data point that falls more than 1.5 times the interquartile range (IQR) below the first quartile or above the third quartile. Report the country or countries which their gdpPercap_1982 values are identified as outliers.,.relai/fixtures/dabench/gapminder_gdp_asia.csv,Use the interquartile range (IQR) rule for outlier detection: a data point is considered an outlier if it falls more than 1.5*IQR below the first quartile (Q1) or above the third quartile (Q3). Don't use any other outlier detection methods or parameters.,@outlier_countries[list_of_strings] where each string in list_of_strings is the name of a country that is an outlier according to the IQR rule.,"{""outlier_countries"": ""Kuwait, Saudi Arabia""}",medium
dabench-320,What is the mean of the EVENTMSGTYPE column?,.relai/fixtures/dabench/0020200722.csv,To calculate the arithmetic mean of all the observations in the EVENTMSGTYPE column. Ignore any missing values or outliers when calculating the mean.,@mean_eventmsgtype[mean],"{""mean_eventmsgtype"": ""3.98""}",easy
dabench-419,1. Is there a significant difference in the mean opening prices between weekdays and weekends? Provide statistical evidence to support your answer.,.relai/fixtures/dabench/bitconnect_price.csv,"Calculate the mean opening prices separately for weekdays (Monday to Friday) and weekends (Saturday and Sunday). Conduct a two-sample t-test to check if there is a statistically significant difference between these two means. Use a significance level (alpha) of 0.05. If the p-value is less than 0.05, conclude that there is a significant difference. If the p-value is greater than or equal to 0.05, conclude that there is no significant difference.","@weekday_mean_price[weekday_mean_open_price] @weekend_mean_price[weekend_mean_open_price] @p_value[p_value] @significance[significant_or_not] where ""weekday_mean_open_price"" and ""weekend_mean_open_price"" are numbers rounded to two decimal places. ""p_value"" is a number between 0 and 1, rounded to four decimal places. ""significant_or_not"" is a string that can either be 'Yes' or 'No' depending on whether the p-value is less than 0.05.","{""weekday_mean_price"": ""37.30"", ""weekend_mean_price"": ""38.49"", ""p_value"": ""0.8463"", ""significance"": ""No""}",hard
dabench-521,"Using machine learning algorithms, build a classification model to predict survival (0 = No, 1 = Yes) based on the passenger's age, gender, and fare. Train a logistic regression model with default parameters provided by the sklearn library. Evaluate the model's performance using accuracy as the evaluation metric.",.relai/fixtures/dabench/titanic.csv,Split the dataset into a training set and a test set with a ratio of 70:30 using sklearn's train_test_split function with a random_state of 42. Don't balance the classes or perform any other preprocessing that isn't mentioned.,"@classifier_accuracy[Accuracy Score]
where ""Accuracy Score"" is a float between 0 and 1, rounded to two decimal places.","{""classifier_accuracy"": ""0.78""}",hard
dabench-734,Is there a correlation between life expectancy and GDP per capita for each continent? Perform correlation analysis for each continent separately and provide the correlation coefficients.,.relai/fixtures/dabench/gapminder_cleaned.csv,Calculate the Pearson correlation coefficient (r) to assess the strength and direction of the linear relationship between life expectancy and GDP per capita for each continent. Assess the correlation significance using a two-tailed test with a significance level (alpha) of 0.05. Report the p-values associated with the correlation test. Consider the correlation significant if the p-value is less than 0.05 and the absolute value of r is greater than or equal to 0.5. Consider the correlation non-significant if the p-value is greater than or equal to 0.05.,"For each continent:
@continent_name[name]
@correlation_coefficient[r_value]
@p_value[p_value]
@correlation_significance[significance]
where ""name"" is the name of the continent.
where ""r_value"" is a number between -1 and 1, rounded to two decimal places.
where ""p_value"" is a number between 0 and 1, rounded to four decimal places.
where ""significance"" is a string that can either be ""significant"" or ""non-significant"" based on the conditions specified in the constraints.","{""correlation_coefficient"": ""0.56"", ""correlation_significance"": ""non-significant""}",hard
