task_id,question,data_path,columns,expected_finding
steampunk-culture_0_0,"Is there a relationship between the amount of money spent on steampunk-themed clothing and accessories and the factors related to engagement with steampunk culture, such as owning a steampunk credit card, attending steampunk conventions, years in subculture, engagement in steampunk hobbies, a preference for creating steampunk literature over art, frequency of online steampunk discussions, and a specific spending ratio?",.relai/fixtures/discoverybench/steampunk-culture_0_0/data.csv,"years_in_subculture (Number of years the participant has been involved in the steampunk subculture); participant_id (Unique identifier for each participant); steampunk_literature_written (Number of steampunk-themed literary works written by the participant each year); steampunk_content_exposure (The amount of exposure to steampunk-themed content in media, rated on a scale from 1 to 10); has_steampunk_credit_card (Indicates whether the participant has a steampunk-themed credit card); employment_in_creative_field (Whether the participant is employed in a creative field such as art, design, or entertainment); age_range (The age range of the participant.); num_of_themed_events_attended (Number of steampunk-themed events attended in a year); online_steampunk_discussion_frequency (Frequency of discussions on online forums about steampunk topics per month); spending_ratio (Ratio of spending on themed clothing to regular clothing); technology_fair_attendance (Number of technology-related fairs the participant attends annually); age_of_participant (Age of the participant in years); residence_type (Type of area where the participant lives); attends_steampunk_convention (Indicates whether the participant attends an annual steampunk convention); newsletter_subscription (Whether the participant is subscribed to newsletters for upcoming steampunk events.); owns_steampunk_fashion_items (Indicates whether the participant owns fashion items related to steampunk); num_of_hobbies (Number of hobbies the participant is actively involved in); annual_spending_on_regular_clothing (Annual spending on regular, non-themed clothing); steampunk_social_media_engagement (The participant's engagement percentile in steampunk-related social media groups.); subculture_involvement (Type of subculture participant is involved in); steampunk_art_created (Number of steampunk-themed artworks created by the participant each year)","Individuals who have owned a steampunk-themed credit card, attend steampunk conventions, engage in hobbies related to steampunk culture, have written more steampunk literature than created art, and have a frequency of online steampunk discussions that results in spending more than 10% of their monthly budget, and have been involved in the steampunk subculture for less than 3 years, spend an average of 20% more money on steampunk-themed clothing and accessories compared to their spending on regular, non-themed clothing."
literary-classics_0_1,Is there a relationship between the total number of literary awards received by the author of a novel up to the publication year of the book and the book's recognition as a literary classic?,.relai/fixtures/discoverybench/literary-classics_0_1/data.csv,"author_genre_diversity (Number of different literary genres in which the author has published works.); is_part_of_series (Indicates if the book is part of a series (1) or not (0)); author_award_count (Total number of literary awards received by the author up to the publication year of the book); number_of_central_themes (Count of central themes covered in the book); symbol_richness_score (A score reflecting the usage and depth of symbols in the novel.); symbolic_elements_index (A quantitative measure, on a scale from 1 to 20, reflecting the richness of symbolic elements used in the classical novel.); historical_context_integration (A boolean value indicating whether the novel directly incorporates actual historical events or settings.); character_complexity_index (A numeric index representing the complexity of character development in the novel, rated by literary critics.); new_techniques_used (Binary indicator of whether new literary techniques typical for the time period are used in the book.); main_character_arc_complexity (Boolean indicating if the main character has a complex development arc.); average_age_of_main_characters (Numeric average age of the main characters in the novel.); critical_review_score (Average score of critical reviews on a scale of 1 to 10); sentence_complexity (Numerical indication of the syntactic complexity of sentences in the book); number_of_pages (Total number of pages in the book); narrative_complexity_score (A score assessing the structural and thematic complexity of the narrative in the novel.); battles (Numerical representation of complexity and depth of life challenges addressed in the novel.); has_illustrations (Indicates whether the book contains illustrations); author_recognition_factor (A composite score calculated from the frequency of author's mentions in literary magazines and academic citations, normalized on a scale from 1 to 50.); current_theme_popularity (Score reflecting the popularity of the book's main theme based on recent movies and TV shows, normalized on a scale from 1 to 100.); literary_award_status (Indicates if the book received a major literary award (e.g., Pulitzer, Booker).); literary_award_winner (Whether the book has won any major literary awards); author_origin_western (A boolean indicating whether the author originates from a Western country.); number_of_main_characters (Count of main characters in the book); unexpected_twists (Binary indication of whether the novel contains major plot twists.); narrative_perspectives_count (The count of different narrative perspectives employed within the classical novel.); narrative_style_relative_to_genre (Numeric score assessing how the author's narrative style compares to prevailing styles within the same genre.); era_influence (A numerical value representing the impact of the era on the novel's writing style.); influential_themes_count (Count of major themes associated with different literary movements identified in the book.); period_language_style_factor (Numeric indicator of language complexity typical for the period the book was written); literary_classic_recognition (Related to the recognition of a literary classic)","The recognition of a book as a literary classic is determined by a combined metric of the total number of literary awards received by the author up to the publication year of the book, the average score of critical reviews, the status of receiving a major literary award, the popularity of the book's main theme, and a weighted calculation involving the author's recognition factor, all contributing to a threshold comparison of 30."
solar-power_0_3,Is there a relationship between cloud cover rate and wind speed in areas with industrial presence compared to areas without industrial presence?,.relai/fixtures/discoverybench/solar-power_0_3/data.csv,"day_length (Total day length in hours.); month (Month during which the electricity generation data was recorded); wind_speed (Average wind speed in km/h.); annual_snowfall (Annual snowfall measured in centimeters); number_of_clear_days (Annual count of days classified as clear with minimal cloud cover); season (The season of the year); average_daylight_hours (Average number of sunlight hours the home receives per day); inverter_type (Type of inverter used in the solar panel system); solar_panel_efficiency (The efficiency rating of solar panels commonly used in the region, expressed as a percentage.); solar_panel_age (Age of the solar panels in years); electricity_generated (Amount of electricity generated in kilowatt-hours); daylight_to_night_ratio (The ratio of daylight hours to night hours); cell_color (Color of the photovoltaic cells in the solar panels); altitude (The elevation of the location of the house in meters); high_efficiency_appliances (Indicates whether the household uses high-efficiency appliances (true or false)); solar_intensity_zone (Categorical classification of regions based on average annual solar radiation received.); cloud_cover_rate (Percentage of the sky covered by clouds.); has_solar_panels (Whether the location has solar panels installed.); hours_of_sunlight (Average daily hours of sunlight); region_type (The classification of the region where the house is located); average_daylight_duration (The average number of sunlight hours per day in the region.); locality_solar_energy_usage_percentile (Percentile ranking of solar energy usage in the locality); tree_coverage (Indicates presence of trees near the house (true or false)); surface_temperature (Average daily surface temperature in degrees Celsius.); home_energy_storage_capacity (Home's energy storage system capacity in kilowatt-hours); is_winter (Indicates whether the record is during winter months (December to February)); average_daily_temperature_variation (The average daily temperature fluctuation in degrees Celsius.); region (Geographic region of the solar paneled home); average_temperature (The annual average temperature in degrees Celsius where the house is located); temperature (Average temperature during the month)","Cloud cover rate is determined by a base rate of 75% when an industrial area is present and a base rate of 25% when an industrial area is not present. Additionally, cloud cover rate is adjusted based on wind speed, with higher wind speeds resulting in lower cloud cover rates."
virtual-reality_2_0,"What is the relationship between education app satisfaction and VR experience rating while considering technology usage frequency, digital comfort, and VR usage duration?",.relai/fixtures/discoverybench/virtual-reality_2_0/data.csv,"VR_accessibility (Binary value where 1 represents high accessibility to VR equipment and facilities, and 0 represents low accessibility); reads_tech_articles (Indicates whether the participant regularly reads technology-related articles); immersiveness_preference (Rate of preference for immersive environments on a scale from 1 (lowest) to 5 (highest)); cognitive_task_frequency (Frequency of engaging in cognitive demanding tasks per week); digital_comfort (Level of comfort with using digital interfaces, from unfamiliar to very comfortable); vr_experience_rating (Subjective rating of a participant's overall experience with virtual reality.); technology_usage_percent (Percentage of daily entertainment time spent using technology); owns_VR_device (Indicates ownership of a Virtual Reality device (true) or not (false)); positive_vr_interactions (Number of positive interactions user reports having per week in VR); VR_apps_usage (The number of VR applications used by the participant per week); technical_training_level (The individual's level of formal training related to virtual technology, rated from novice to expert.); uses_tech_for_leisure (Indicates if the individual uses technology devices for leisure purposes like gaming); has_gaming_experience (Whether the participant has experience with video games); tech_meetup_attendance (Number of tech-related meetups attended per year); technology_usage_frequency (The frequency of using any technology devices, including computers, smartphones, and other digital devices per week); motion_sickness_experience (Whether the participant often experiences motion sickness in VR); number_of_tech_devices_owned (Number of different technology devices an individual owns); gaming_frequency (How often the participant plays video games); immersion_rating (Subjective rating of how immersive participants find their VR experience); VR_exposure_frequency (Number of times per week an individual is exposed to VR environments); tech_interaction_frequency (Frequency of technology interaction at work per day); leisure_time_immersive_tech_percentage (Percentage of leisure time spent on immersive technologies like VR); derived_stress_level (Factor related to stress level derived from the dataset); vr_usage_duration (Duration of VR usage in minutes); VR_community_belonging (Participant's sense of belonging to the VR community, rated on a scale); daily_tech_usage_hours (Average number of hours spent using technology devices daily); frequent_equipment_updates (Whether the individual updates their VR equipment frequently (at least once a year).); vr_technology_familiarity (Score on the familiarity with VR technology); physical_activity_frequency (Frequency of engagement in physical activities per week); owned_interactive_devices (Number of interactive devices owned by the participant)","People who have a higher education app satisfaction level, as calculated by the provided expression, may rate their VR experience more positively based on their technology usage frequency, digital comfort, and duration of VR usage."
theater-productions_0_2,"What is the relationship between the special effects percentage in theater productions and the ratio of licensed content to original content, lead actor experience, and the focus on historical accuracy? Also, do past success count and weekly rehearsal hours affect this relationship?",.relai/fixtures/discoverybench/theater-productions_0_2/data.csv,"uses_special_effects (Indicates whether the play uses special effects); average_scene_complexity (Average complexity score of scenes within the play, judged on factors such as stage setup, number of simultaneous actors, and scene changes); venue_capacity (Seating capacity of the venue where the play is performed.); holiday_season (Indicates whether the performance is during a holiday season); duration_in_minutes (Total duration of the play in minutes.); set_changes_per_scene (Number of set changes each scene undergoes in a play); live_music_present (Indicates if live music is present in the play); set_complexity (Complexity level of the set design, rated from 1 to 10.); average_role_experience_years (Average years of experience required for roles in the play); has_sponsorship (Indicates whether the play has financial sponsorship.); has_special_effects (Indicates if the play includes special effects); target_audience_family (Indicates if the play is targeted primarily towards families and children); number_of_cast_members (The total number of cast members participating in the play.); scene_complexity_index (A numerical index rating the complexity of scenes in a play from simple (minimal props and effects) to complex (numerous props and special effects)); play_genre (Genre of the play); number_of_complex_roles (Count of complex roles in the play that require extensive prop usage or special skills); director_experience_years (Number of years the director has been directing plays.); special_effects_percentage (Percentage of scenes containing special effects); percentage_outdoor_scenes (Percentage of scenes within a play that are set outdoors, typically requiring simpler setups.); theme_historical (Indicates if the play has a historical theme.); average_scene_duration (Average duration of scenes in minutes for a play); has_intermission (Indicates whether the play has an intermission or not); weekly_rehearsal_hours (Average number of rehearsal hours per week for the current production); audience_interaction (Indicates if the play includes elements of audience interaction); lead_actor_experience (Captures the number of years of experience the lead actor has); licensed_content (Indicates if the material is adapted from licensed content such as books or movies); total_costume_changes (Total number of costume changes throughout the play); past_success_count (Total number of previously successful plays by the theater group); play_duration_minutes (Duration of the play in minutes); total_cast_members (Total number of cast members in the play)","The special effects percentage is determined by a complex formula involving the ratio of licensed content to original content, lead actor experience, and the focus on historical accuracy. Moreover, past success count and weekly rehearsal hours play a role in adjusting the final value. Productions with more licensed content relative to original content, experienced lead actors, and a strong emphasis on historical accuracy tend to have higher special effects percentages."
marine-conservation_2_1,"Is there a relationship between the levels of tourist activity, pollution control, and eco-tourism in marine conservation areas, and the number of species found in those areas?",.relai/fixtures/discoverybench/marine-conservation_2_1/data.csv,"marine_conservation_in_schools (Binary indicator if the local schools' curriculum includes marine conservation topics); fishing_industry_presence (A score from 0 to 10 indicating the presence of the fishing industry); local_community_involvement (The involvement of local communities in conservation efforts, rated from 1 (least involved) to 5 (most involved)); water_temperature_celsius (Average water temperature in Celsius); illegal_fishing_rate (The average number of illegal fishing activities reported per month); protection_status (Indicates if the area is protected from commercial fishing); pollution_control_index (Index rating from 0 to 100 indicating the level of pollution control measures in place); conservation_funding (Annual conservation funding received in US dollars); local_awareness_campaigns (Number of local awareness campaigns for marine conservation per year); is_marine_conservation_zone (Binary indicator if the area is designated as a marine conservation zone); illegal_fishing_reports (Number of reports filed for illegal fishing activities in the marine area per month.); local_gov_environmental_policy_score (A score from 0 to 10 evaluating the degree of involvement of local governments in enforcing environmental policies); marine_biodiversity_index (A numeric index representing the variety of species found in a region, where higher numbers indicate greater biodiversity.); average_tourist_rating_visibility (Average rating provided by tourists on the visibility of marine life, scale from 1 to 5); reported_marine_pollution_incidents (Number of reported incidents of marine pollution in the area per year); predatory_fish_lifespan_years (Average lifespan of predatory fish species in years); area_id (Unique identifier for a marine protected area); number_of_species (Number of different species found in the area); research_grants_count (Number of active environmental research grants in the marine area); pollution_index (Numerical index representing the level of pollution, from 1 (least polluted) to 100 (most polluted)); has_international_cooperation (Binary indicating whether there is international cooperation in marine conservation efforts); environmental_surveillance_count (The number of times environmental surveillance patrols occurred in a region within a year.); tourist_visits_annual (Annual number of tourists visiting the marine area); marine_pollution_incidents (Number of recorded marine pollution incidents per year in the area.); eco_friendly_business_percentile (The percentile ranking of the area based on the percentage of businesses that are eco-friendly and support marine conservation); protected_marine_reserves_count (Number of marine reserves officially designated as protected areas); marine_patrol_interventions_per_month (Number of marine patrol interventions conducted per month in the marine area.); marine_conservation_funding (Total annual funding (in thousands of dollars) allocated for marine conservation in the area.); marine_fauna_disruptions (The monthly count of events that negatively affect marine life, such as pollution or unauthorized sea traffic); is_eco_tourism_area (Binary indicator if the area is recognized for eco-tourism)","In marine protected areas where there is a high level of tourist activity, measured by the number of tourist visits annually, and a high level of pollution control, indicated by pollution control index, we hypothesize that these factors significantly increase the number of species. This relationship holds mainly in areas recognized for eco-tourism."
solar-power_0_0,"What is the relationship between solar panel efficiency gains and the interaction of cell color being blue, the month falling between October and March, the calculation of average daylight duration squared minus the average daily temperature variation, and the number of clear days, considering the data specific to this domain?",.relai/fixtures/discoverybench/solar-power_0_0/data.csv,"home_energy_storage_capacity (Home's energy storage system capacity in kilowatt-hours); average_daylight_duration (The average number of sunlight hours per day in the region.); average_daily_temperature_variation (The average daily temperature fluctuation in degrees Celsius.); number_of_clear_days (Annual count of days classified as clear with minimal cloud cover); solar_panel_efficiency (The efficiency rating of solar panels commonly used in the region, expressed as a percentage.); wind_speed (Average wind speed in km/h.); roof_orientation (Orientation of the roof primarily installed with solar panels); day_length (Total day length in hours.); efficiency_gain (Represents the efficiency improvement or gain observed in the solar panel system); region_type (The classification of the region where the house is located); hours_of_sunlight (Average daily hours of sunlight); altitude (The elevation of the location of the house in meters); month (Month during which the electricity generation data was recorded); industrial_area_presence (Indicator if the area has significant industrial activity.); sunlight_hours (Total hours of sunlight received per day.); locality_solar_energy_usage_percentile (Percentile ranking of solar energy usage in the locality); daylight_to_night_ratio (The ratio of daylight hours to night hours); region (Geographic region of the solar paneled home); cell_color (Color of the photovoltaic cells in the solar panels); temperature (Average temperature during the month); high_efficiency_appliances (Indicates whether the household uses high-efficiency appliances (true or false)); season (The season of the year); inverter_type (Type of inverter used in the solar panel system); annual_snowfall (Annual snowfall measured in centimeters); has_solar_panels (Whether the location has solar panels installed.); average_temperature (The annual average temperature in degrees Celsius where the house is located); electricity_generated (Amount of electricity generated in kilowatt-hours)","Solar paneled homes with blue-colored photovoltaic cells record efficiency gains when the cell color is blue, the month is between October and March, and the average daylight duration squared minus the average daily temperature variation is categorized as not high or medium, also considering the number of clear days."
space-tourism_0_2,Is there a relationship between the crew size and the preferred view of tourists in space tourism based on the dataset provided?,.relai/fixtures/discoverybench/space-tourism_0_2/data.csv,"luxury_level (Represents the luxury level of the trip, higher numbers indicate more luxurious.); personal_interest_in_space (Rating of personal interest in space exploration on a scale from 1 to 10); interest_in_celestial_events (Whether the tourist booked the trip because of interest in celestial events, such as meteor showers or solar eclipses.); average_tourist_age (Average age of the tourists in years.); has_children (Indicates whether the tourist has children, true or false); participated_in_promotional_events (Indicates whether the tourist participated in any promotional events related to space tourism); age_bracket (The age range of the tourist.); booking_source (Source of the booking, either direct or agency); tourist_wealth (Estimated total wealth of the tourist.); length_of_stay_days (The number of days the tourist has booked for their stay in a space hotel); government_space_budget_percent_gdp (Percentage of the country's GDP allocated to space research and development); preferred_view (Preferred cabin view of the tourist, either Earth-facing or star-facing); frequent_flyer_status (Indicates if the tourist has traveled more than 3 times); average_age_of_group (Average age of passengers in the travel group); pre_trip_training (Indicates whether tourists attended a space simulation training before their trip); socioeconomic_status (Socioeconomic status of the tourist rated on a scale from 1 to 10); personal_items_count (Number of personal items tourists are allowed to take with them); home_country_aerospace_investment_percentage (Percentage of GDP invested in aerospace and related high-tech industries in the tourist's home country); meal_preference (Meal preference of the tourist, either vegetarian or non-vegetarian); primary_travel_purpose (Main reason for the tourist's space travel: leisure, research, or education); daylight_hours_at_launch (Average number of daylight hours at the launch site on the day of departure.); solar_activity_index (Index representing solar activity, including sunspots and solar flares, which could impact energy availability for launches.); proportion_income_spent_on_tech (The percentage of a tourist's income spent on technological gadgets and subscriptions.); ratio_space_trips_to_earth_vacations (The ratio of space trips to earth vacations taken by a tourist); marital_status (Marital status of the tourist, categorized as single, married, or divorced); spacewalk_participation (Indicates whether a tourist participated in a spacewalk, true or false); age_category (Age group of the tourist, categorized into young, middle-aged, or senior); completed_space_travel_training (Indicates whether the tourist has completed any formal training courses for space travel); nutritional_awareness_program (Indicates if a nutritional awareness program is available on the spacecraft); home_country_GDP (Gross Domestic Product of the tourist's home country, expressed in trillions of US dollars)","The preferred view depends on the average number of daylight hours at the launch site on the day of departure. When the interest in celestial events is true and the calculated time is less than 7 hours before noon, or when it's the weekend with specific crew and solar activity conditions met, tourists prefer Earth-facing views; otherwise, they prefer star-facing views."
fashion-design_0_1,"Is there a relationship between the temperature outside, venue type, and the number of international designers with the predicted season of fashion shows in this dataset?",.relai/fixtures/discoverybench/fashion-design_0_1/data.csv,"percentage_new_designers (Percentage of runway slots allocated to designers who debuted in the last five years); ensemble_type (Type of textile used in clothing ensemble); average_profit_margin_previous_collections (Average profit margin from the designer's previous collections); predicted_season (Forecasted season category of the fashion show); venue_type (Type of venue where the fashion show is held); count_international_designers (Number of international designers participating in the fashion show); has_sponsorship (Indicates if the fashion show has a financial or product sponsorship); number_of_fashion_design_schools (Total number of fashion design schools in the designer's home country); num_designer_runway_appearances (Number of appearances by the designer in major runway events); number_of_models (Number of models in the show); design_innovation_score (A calculated score based on the use of non-traditional materials and unique construction techniques); month_of_year (Month in which the fashion show is held, as an integer (1-12)); local_fashion_magazine_circulation (Annual circulation numbers of major fashion magazines within the designer's home country); fashion_show_location (Location of the fashion show); external_temperature (External temperature in degrees Celsius on the day of the fashion show)","In fashion design, the number of local fashion magazine circulation per fashion design school, designer's runway appearances, and profit margin from previous collections combine with temperature, venue type, percentage of new designers, number of international designers, and month of the year to predict the season of the fashion show. The relationship is observed in shows where specific criteria regarding these factors are met, resulting in the prediction of Winter or Summer seasons. For other cases, Autumn is predicted."
urban-gardening_2_1,"What is the relationship between the presence of educational programs in urban gardens and a combination of annual visitor count, number of annual events, and average annual temperature?",.relai/fixtures/discoverybench/urban-gardening_2_1/data.csv,"city_population (Total population of the city.); green_jobs_available (Number of job openings in green industries within the city.); specializes_in_ornamentals (Indicates if the garden primarily focuses on ornamental plants.); irrigation_system_quality (Quality level of the garden's irrigation system, rated from low to high.); tourist_attraction_rating (Rating of city as a tourist destination on a scale from 1 to 10.); late_night_business_count (Number of businesses open until 9 PM or later in the area.); average_growth_time (Average number of months required for plants in the garden to reach maturity.); number_of_local_volunteers (The quantity of unpaid local individuals who help maintain the garden.); guest_expert_visits (The number of times experts visited the garden for educational events in a year.); historical_visitation (Average number of visitors per year over the past 5 years.); square_footage (Total area of the garden dedicated to planting, measured in square feet.); is_residential_area (Indicates if the garden is located in a residential area, potentially influencing the types of plants cultivated due to community involvement.); percentage_native_plants (Percentage of the garden area covered with native plants.); average_income_level (Average yearly income in the city, categorized as 'low', 'medium', or 'high'.); vegetable_plots (Whether the garden includes vegetable plots. 'Yes' for gardens with vegetable plots, 'No' for gardens without them.); percentage_of_flower_beds (Percentage of the garden area dedicated to flower beds.); frequent_gardening_workshops (Indicates if the city holds gardening workshops more than twice a month); sunlight_exposure_hours (Average number of hours the garden receives direct sunlight per day.); focus_on_drought_resistant (Indicates if the garden primarily focuses on drought-resistant plants.); number_of_annual_events (The number of events held at the garden each year.); garden_size (The total area of the garden measured in square meters.); number_of_workshops (The count of workshops and training sessions conducted in the garden.); annual_cultural_events (Number of cultural events held in the city each year.); number_of_trees (Number of trees in the garden.); garden_type_regulation (A binary indicator of whether local regulations favor food-producing over ornamental types.); residential_area_percentage (Percentage of the city area that is residential.); number_of_local_food_markets (The number of local food markets within a 5 km radius of the garden); is_community_driven (Indicates whether the garden is primarily managed and maintained by the community.); public_transport_accessibility (Accessibility of public transport on a scale from 1 to 10.); volunteer_involvement_level (Level of volunteer involvement in community activities on a scale from 0 to 10.)","Gardens with higher annual visitor counts and a greater number of annual events, as well as having an average annual temperature such that the calculated expression (visitor count cubed plus the square of the number of events multiplied by 5 minus the annual average temperature) is greater than 150000, are more likely to have educational programs."
virtual-reality_0_3,"What is the relationship between the number of VR content items created per month, the sense of belonging to the VR community, and the usage of VR apps?",.relai/fixtures/discoverybench/virtual-reality_0_3/data.csv,"VR_interest_level (A rating of how interested the participant is in VR technology, from not interested to highly interested); daily_computer_usage_hours (Number of hours a participant uses a computer each day); gender (Gender of the participant); motion_sickness_experience (Whether the participant often experiences motion sickness in VR); tech_meetup_attendance (Number of tech-related meetups attended per year); positive_vr_interactions (Number of positive interactions user reports having per week in VR); daily_tech_usage_hours (Average number of hours spent using technology devices daily); age_group (Age group of the individual.); has_young_children (Whether the participant has young children under the age of 6); number_of_tech_devices_owned (Number of different technology devices an individual owns); has_gaming_experience (Whether the participant has experience with video games); owns_advanced_VR (Indicates ownership of high-end VR devices, enhancing immersive experiences (true) or not (false)); VR_community_belonging (Participant's sense of belonging to the VR community, rated on a scale); immersion_rating (Subjective rating of how immersive participants find their VR experience); weekend_vr_hours (Total hours spent in VR on weekends); top_tech_user (Indicates whether the individual is in the top 25th percentile of technology users); frequent_equipment_updates (Whether the individual updates their VR equipment frequently (at least once a year).); VR_apps_usage (The number of VR applications used by the participant per week); technology_usage_percent (Percentage of daily entertainment time spent using technology); number_of_languages_spoken (Total number of languages spoken by the participant); reads_tech_articles (Indicates whether the participant regularly reads technology-related articles); VR_exposure_frequency (Number of times per week an individual is exposed to VR environments); education_app_satisfaction (Satisfaction level with VR educational applications); tech_interaction_frequency (Frequency of technology interaction at work per day); VR_content_creation (The number of VR content items (like games, experiences, or applications) created by the participant per month); technical_job_experience (Number of years working in a technical field); vr_usage_duration (Duration of VR usage in minutes); leisure_time_reading_books_percentage (Percentage of leisure time spent on reading books); owns_VR_device (Indicates ownership of a Virtual Reality device (true) or not (false)); education_level (Highest level of education attained, ranked from high school to postgraduate)","Participants who create more VR content items (like games, experiences, or applications) per month and have a stronger sense of belonging to the VR community are likely to use more VR apps. Increased VR content creation and higher ratings of VR community belonging positively correlate with higher levels of VR app usage."
underwater-archaeology_1_1,What is the relationship between the presence of stone structures and preserved road layouts at underwater archaeological sites where the depth of the site plays a role and the value of coral reefs is significant?,.relai/fixtures/discoverybench/underwater-archaeology_1_1/data.csv,"site_id (Unique identifier for each archaeological site); site_discovery_date (Date when the archaeological site was discovered); sediment_accumulation_rate (Rate of sediment accumulation at the site in kilograms per square meter per year); preserved_road_layout (Indicates if the archaeological site has preserved road layouts); light_penetration (Percentage of light that penetrates to the site, measured as a percentage); current_speed (Speed of the water current at the site, measured in meters per second); site_depth (Depth of the underwater site in meters); permit_year (Year when the excavation permit for the site was issued); ocean_current_strength (Measurement of ocean current strength at the site in knots); number_of_artifacts (Number of artifacts recovered from the site); stone_structures_present (Indicates whether stone structures are present at the site); coral_reefs_present (Indicates whether coral reefs are present at the site); sediment_concentration (Amount of sediment in the water measured in grams per liter); protected_marine_area (Indicates whether the site is within a legally protected marine conservation area); depth_of_site (Measure of depth at which the archaeological site is located, in meters); water_depth (Depth of water at the site in meters)","In locations where the presence of coral reefs contributes at least 20 times more value than the depth of the site subtracted by half, and stone structures are present, preserved road layouts are indicated with 'yes' at underwater archaeological sites."
